<ImportExportXml version="9.2.22093.162" SolutionPackageVersion="9.2" languagecode="1033" generatedBy="CrmLive" xmlns:xsi="http://www.w3.org/2001/XMLSchema-instance">
  <SolutionManifest>
    <UniqueName>PowerPlaybook</UniqueName>
    <LocalizedNames>
      <LocalizedName description="Power Playbook" languagecode="1033" />
    </LocalizedNames>
    <Descriptions />
    <Version>1.0.0.1</Version>
    <Managed>0</Managed>
    <Publisher>
      <UniqueName>PowerPlaybook</UniqueName>
      <LocalizedNames>
        <LocalizedName description="Power Playbook" languagecode="1033" />
      </LocalizedNames>
      <Descriptions />
      <EMailAddress xsi:nil="true"></EMailAddress>
      <SupportingWebsiteUrl xsi:nil="true"></SupportingWebsiteUrl>
      <CustomizationPrefix>play</CustomizationPrefix>
      <CustomizationOptionValuePrefix>38420</CustomizationOptionValuePrefix>
      <Addresses>
        <Address>
          <AddressNumber>1</AddressNumber>
          <AddressTypeCode>1</AddressTypeCode>
          <City xsi:nil="true"></City>
          <County xsi:nil="true"></County>
          <Country xsi:nil="true"></Country>
          <Fax xsi:nil="true"></Fax>
          <FreightTermsCode xsi:nil="true"></FreightTermsCode>
          <ImportSequenceNumber xsi:nil="true"></ImportSequenceNumber>
          <Latitude xsi:nil="true"></Latitude>
          <Line1 xsi:nil="true"></Line1>
          <Line2 xsi:nil="true"></Line2>
          <Line3 xsi:nil="true"></Line3>
          <Longitude xsi:nil="true"></Longitude>
          <Name xsi:nil="true"></Name>
          <PostalCode xsi:nil="true"></PostalCode>
          <PostOfficeBox xsi:nil="true"></PostOfficeBox>
          <PrimaryContactName xsi:nil="true"></PrimaryContactName>
          <ShippingMethodCode>1</ShippingMethodCode>
          <StateOrProvince xsi:nil="true"></StateOrProvince>
          <Telephone1 xsi:nil="true"></Telephone1>
          <Telephone2 xsi:nil="true"></Telephone2>
          <Telephone3 xsi:nil="true"></Telephone3>
          <TimeZoneRuleVersionNumber xsi:nil="true"></TimeZoneRuleVersionNumber>
          <UPSZone xsi:nil="true"></UPSZone>
          <UTCOffset xsi:nil="true"></UTCOffset>
          <UTCConversionTimeZoneCode xsi:nil="true"></UTCConversionTimeZoneCode>
        </Address>
        <Address>
          <AddressNumber>2</AddressNumber>
          <AddressTypeCode>1</AddressTypeCode>
          <City xsi:nil="true"></City>
          <County xsi:nil="true"></County>
          <Country xsi:nil="true"></Country>
          <Fax xsi:nil="true"></Fax>
          <FreightTermsCode xsi:nil="true"></FreightTermsCode>
          <ImportSequenceNumber xsi:nil="true"></ImportSequenceNumber>
          <Latitude xsi:nil="true"></Latitude>
          <Line1 xsi:nil="true"></Line1>
          <Line2 xsi:nil="true"></Line2>
          <Line3 xsi:nil="true"></Line3>
          <Longitude xsi:nil="true"></Longitude>
          <Name xsi:nil="true"></Name>
          <PostalCode xsi:nil="true"></PostalCode>
          <PostOfficeBox xsi:nil="true"></PostOfficeBox>
          <PrimaryContactName xsi:nil="true"></PrimaryContactName>
          <ShippingMethodCode>1</ShippingMethodCode>
          <StateOrProvince xsi:nil="true"></StateOrProvince>
          <Telephone1 xsi:nil="true"></Telephone1>
          <Telephone2 xsi:nil="true"></Telephone2>
          <Telephone3 xsi:nil="true"></Telephone3>
          <TimeZoneRuleVersionNumber xsi:nil="true"></TimeZoneRuleVersionNumber>
          <UPSZone xsi:nil="true"></UPSZone>
          <UTCOffset xsi:nil="true"></UTCOffset>
          <UTCConversionTimeZoneCode xsi:nil="true"></UTCConversionTimeZoneCode>
        </Address>
      </Addresses>
    </Publisher>
    <RootComponents>
      <RootComponent type="1" schemaName="account" behavior="1" />
      <RootComponent type="1" schemaName="play_assignedtask" behavior="0" />
      <RootComponent type="1" schemaName="play_maturitymodel" behavior="0" />
      <RootComponent type="1" schemaName="play_playbook" behavior="0" />
      <RootComponent type="1" schemaName="play_playbookactivity" behavior="0" />
      <RootComponent type="1" schemaName="play_powerplaybook" behavior="0" />
      <RootComponent type="9" schemaName="play_domain" behavior="0" />
      <RootComponent type="9" schemaName="play_maturitylevel" behavior="0" />
      <RootComponent type="9" schemaName="play_productorservice" behavior="0" />
      <RootComponent type="9" schemaName="play_taskstatus" behavior="0" />
      <RootComponent type="29" id="{47d99684-213d-ed11-bba3-000d3a8c4c49}" behavior="0" />
      <RootComponent type="29" id="{49dca11b-cf3a-ed11-9db0-0022481f580e}" behavior="0" />
      <RootComponent type="29" id="{e486834d-013d-ed11-bba3-000d3a8c4c49}" behavior="0" />
      <RootComponent type="62" schemaName="play_PowerPlaybook" behavior="0" />
      <RootComponent type="80" schemaName="play_PowerPlaybook" behavior="0" />
      <RootComponent type="300" schemaName="play_news_83a04" behavior="0" />
      <RootComponent type="300" schemaName="play_playbookcreator_043e0" behavior="0" />
      <RootComponent type="300" schemaName="play_playbookhome_85544" behavior="0" />
      <RootComponent type="300" schemaName="play_playbookmanager_eecbc" behavior="0" />
      <RootComponent type="300" schemaName="play_playbook_6a088" behavior="0" />
      <RootComponent type="300" schemaName="play_readinesssurvey_0d583" behavior="0" />
    </RootComponents>
    <MissingDependencies>
      <MissingDependency>
        <Required type="61" schemaName="msdyn_/Images/AppModule_Default_Icon.png" displayName="msdyn_/Images/AppModule_Default_Icon.png" solution="AppModuleWebResources (2.5)" />
        <Dependent type="80" schemaName="play_PowerPlaybook" displayName="Power Playbook" />
      </MissingDependency>
      <MissingDependency>
        <Required type="66" schemaName="MscrmControls.Grid.GridControl" displayName="MscrmControls.Grid.GridControl" solution="BaseCustomControlsCore (9.0.2209.3017)" />
        <Dependent type="60" displayName="Information" parentDisplayName="User Playbook" id="{d9019942-ec92-4ac3-9cee-acf891ddefb3}" />
      </MissingDependency>
      <MissingDependency>
        <Required type="66" schemaName="MscrmControls.Grid.GridControl" displayName="MscrmControls.Grid.GridControl" solution="BaseCustomControlsCore (9.0.2209.3017)" />
        <Dependent type="68" id="{d66e860a-d712-42b3-9aa5-66704327aeaa}" />
      </MissingDependency>
    </MissingDependencies>
  </SolutionManifest>
</ImportExportXml>